{
  "logistic_regression": {
    "macro_f1": 0.9780779246062825,
    "report": {
      "real": {
        "precision": 0.9812715623459832,
        "recall": 0.9707459775719162,
        "f1-score": 0.9759803921568627,
        "support": 2051.0
      },
      "fake": {
        "precision": 0.9634649381261049,
        "recall": 0.9697508896797153,
        "f1-score": 0.9665976943541236,
        "support": 1686.0
      },
      "malicious": {
        "precision": 0.9868881118881119,
        "recall": 0.9964695498676082,
        "f1-score": 0.9916556873078612,
        "support": 1133.0
      },
      "accuracy": 0.9763860369609856,
      "macro avg": {
        "precision": 0.9772082041200667,
        "recall": 0.9789888057064132,
        "f1-score": 0.9780779246062825,
        "support": 4870.0
      },
      "weighted avg": {
        "precision": 0.9764135710105657,
        "recall": 0.9763860369609856,
        "f1-score": 0.9763789303315368,
        "support": 4870.0
      }
    },
    "confusion_matrix": [
      [
        1991,
        58,
        2
      ],
      [
        38,
        1635,
        13
      ],
      [
        0,
        4,
        1129
      ]
    ]
  },
  "naive_bayes": {
    "macro_f1": 0.9409286608962861,
    "report": {
      "real": {
        "precision": 0.9302779132130667,
        "recall": 0.9302779132130667,
        "f1-score": 0.9302779132130667,
        "support": 2051.0
      },
      "fake": {
        "precision": 0.9056047197640118,
        "recall": 0.9104389086595492,
        "f1-score": 0.9080153800650695,
        "support": 1686.0
      },
      "malicious": {
        "precision": 0.9884341637010676,
        "recall": 0.9805825242718447,
        "f1-score": 0.9844926894107222,
        "support": 1133.0
      },
      "accuracy": 0.9351129363449692,
      "macro avg": {
        "precision": 0.9414389322260487,
        "recall": 0.9404331153814868,
        "f1-score": 0.9409286608962861,
        "support": 4870.0
      },
      "weighted avg": {
        "precision": 0.9352660092393087,
        "recall": 0.9351129363449692,
        "f1-score": 0.9351836032632558,
        "support": 4870.0
      }
    },
    "confusion_matrix": [
      [
        1908,
        141,
        2
      ],
      [
        140,
        1535,
        11
      ],
      [
        3,
        19,
        1111
      ]
    ]
  },
  "random_forest": {
    "macro_f1": 0.970377920859974,
    "report": {
      "real": {
        "precision": 0.9880774962742176,
        "recall": 0.96977084349098,
        "f1-score": 0.9788385826771654,
        "support": 2051.0
      },
      "fake": {
        "precision": 0.9612403100775194,
        "recall": 0.9561091340450771,
        "f1-score": 0.9586678560808801,
        "support": 1686.0
      },
      "malicious": {
        "precision": 0.9542372881355933,
        "recall": 0.9938217122683142,
        "f1-score": 0.9736273238218763,
        "support": 1133.0
      },
      "accuracy": 0.9706365503080082,
      "macro avg": {
        "precision": 0.9678516981624434,
        "recall": 0.9732338966014571,
        "f1-score": 0.970377920859974,
        "support": 4870.0
      },
      "weighted avg": {
        "precision": 0.9709135431430688,
        "recall": 0.9706365503080082,
        "f1-score": 0.9706430587912558,
        "support": 4870.0
      }
    },
    "confusion_matrix": [
      [
        1989,
        58,
        4
      ],
      [
        24,
        1612,
        50
      ],
      [
        0,
        7,
        1126
      ]
    ]
  }
}